FirstName,LastName,AccountName,Email,Phone,Title
John,Smith,TechCorp Solutions,john.smith@techcorpsolutions.com,(555) 123-4567,CEO
Sarah,Johnson,TechCorp Solutions,sarah.johnson@techcorpsolutions.com,(555) 123-4568,CTO
Michael,Williams,Global Dynamics,michael.williams@globaldynamics.com,(555) 234-5678,VP Sales
Lisa,Brown,Global Dynamics,lisa.brown@globaldynamics.com,(555) 234-5679,Director of IT
David,Jones,Future Systems,david.jones@futuresystems.com,(555) 345-6789,Project Manager
Jennifer,Garcia,Future Systems,jennifer.garcia@futuresystems.com,(555) 345-6790,Business Analyst
Robert,Miller,Digital Edge,robert.miller@digitaledge.com,(555) 456-7890,VP Marketing
Emily,Davis,Digital Edge,emily.davis@digitaledge.com,(555) 456-7891,Account Manager
James,Rodriguez,Smart Analytics,james.rodriguez@smartanalytics.com,(555) 567-8901,Senior Developer
Maria,Martinez,Smart Analytics,maria.martinez@smartanalytics.com,(555) 567-8902,Sales Director
William,Hernandez,Cloud Nine Tech,william.hernandez@cloudninetech.com,(555) 678-9012,CEO
Patricia,Lopez,Cloud Nine Tech,patricia.lopez@cloudninetech.com,(555) 678-9013,CTO
Richard,Gonzalez,Data Driven Inc,richard.gonzalez@datadrivenInc.com,(555) 789-0123,VP Sales
Linda,Wilson,Data Driven Inc,linda.wilson@datadrivenInc.com,(555) 789-0124,Director of IT
Thomas,Anderson,AI Innovations,thomas.anderson@aiinnovations.com,(555) 890-1234,Project Manager
Barbara,Taylor,AI Innovations,barbara.taylor@aiinnovations.com,(555) 890-1235,Business Analyst
Charles,Thomas,Quantum Computing Co,charles.thomas@quantumcomputing.com,(555) 901-2345,VP Marketing
Susan,Jackson,Quantum Computing Co,susan.jackson@quantumcomputing.com,(555) 901-2346,Account Manager
Joseph,White,Cyber Security Pro,joseph.white@cybersecuritypro.com,(555) 012-3456,Senior Developer
Jessica,Harris,Cyber Security Pro,jessica.harris@cybersecuritypro.com,(555) 012-3457,Sales Director
Christopher,Martin,Mobile First Labs,christopher.martin@mobilefirstlabs.com,(555) 123-5678,CEO
Nancy,Thompson,Mobile First Labs,nancy.thompson@mobilefirstlabs.com,(555) 123-5679,CTO
Daniel,Garcia,IoT Solutions,daniel.garcia@iotsolutions.com,(555) 234-6789,VP Sales
Betty,Martinez,IoT Solutions,betty.martinez@iotsolutions.com,(555) 234-6790,Director of IT
Matthew,Robinson,Blockchain Ventures,matthew.robinson@blockchainventures.com,(555) 345-7890,Project Manager
Helen,Clark,Blockchain Ventures,helen.clark@blockchainventures.com,(555) 345-7891,Business Analyst
Anthony,Rodriguez,Machine Learning Corp,anthony.rodriguez@machinelearningcorp.com,(555) 456-8901,VP Marketing
Donna,Lewis,Machine Learning Corp,donna.lewis@machinelearningcorp.com,(555) 456-8902,Account Manager
Mark,Lee,Virtual Reality Co,mark.lee@virtualrealityco.com,(555) 567-9012,Senior Developer
Carol,Walker,Virtual Reality Co,carol.walker@virtualrealityco.com,(555) 567-9013,Sales Director
Steven,Hall,Augmented Systems,steven.hall@augmentedsystems.com,(555) 678-0123,CEO
Ruth,Allen,Augmented Systems,ruth.allen@augmentedsystems.com,(555) 678-0124,CTO
Paul,Young,Big Data Analytics,paul.young@bigdataanalytics.com,(555) 789-1234,VP Sales
Sharon,Hernandez,Big Data Analytics,sharon.hernandez@bigdataanalytics.com,(555) 789-1235,Director of IT
Andrew,King,Cloud Computing Inc,andrew.king@cloudcomputinginc.com,(555) 890-2345,Project Manager
Kimberly,Wright,Cloud Computing Inc,kimberly.wright@cloudcomputinginc.com,(555) 890-2346,Business Analyst
Kenneth,Lopez,Software Engineering Ltd,kenneth.lopez@softwareengineeringltd.com,(555) 901-3456,VP Marketing
Deborah,Hill,Software Engineering Ltd,deborah.hill@softwareengineeringltd.com,(555) 901-3457,Account Manager
Joshua,Scott,Web Development Co,joshua.scott@webdevelopmentco.com,(555) 012-4567,Senior Developer
Dorothy,Green,Web Development Co,dorothy.green@webdevelopmentco.com,(555) 012-4568,Sales Director
Kevin,Adams,Enterprise Solutions,kevin.adams@enterprisesolutions.com,(555) 123-6789,CEO
Lisa,Baker,Enterprise Solutions,lisa.baker@enterprisesolutions.com,(555) 123-6790,CTO
Brian,Gonzalez,Business Intelligence,brian.gonzalez@businessintelligence.com,(555) 234-7890,VP Sales
Sandra,Nelson,Business Intelligence,sandra.nelson@businessintelligence.com,(555) 234-7891,Director of IT
George,Carter,Data Warehousing,george.carter@datawarehousing.com,(555) 345-8901,Project Manager
Donna,Mitchell,Data Warehousing,donna.mitchell@datawarehousing.com,(555) 345-8902,Business Analyst
Edward,Perez,Network Security,edward.perez@networksecurity.com,(555) 456-9012,VP Marketing
Carol,Roberts,Network Security,carol.roberts@networksecurity.com,(555) 456-9013,Account Manager
Ronald,Turner,Information Systems,ronald.turner@informationsystems.com,(555) 567-0123,Senior Developer
Michelle,Phillips,Information Systems,michelle.phillips@informationsystems.com,(555) 567-0124,Sales Director
Timothy,Campbell,Technology Partners,timothy.campbell@technologypartners.com,(555) 678-1234,CEO
Sarah,Parker,Technology Partners,sarah.parker@technologypartners.com,(555) 678-1235,CTO
Jason,Evans,Digital Transformation,jason.evans@digitaltransformation.com,(555) 789-2345,VP Sales
Deborah,Edwards,Digital Transformation,deborah.edwards@digitaltransformation.com,(555) 789-2346,Director of IT
Jeffrey,Collins,Innovation Hub,jeffrey.collins@innovationhub.com,(555) 890-3456,Project Manager
Rachel,Stewart,Innovation Hub,rachel.stewart@innovationhub.com,(555) 890-3457,Business Analyst 